title,time,summary,image_url,article_link,like_count,comment_count,save_count
#更 下輩子，我會娶妳,2017-04-08T17:32:10.173Z,"感情
2017 年 4 月 9 日",https://megapx-assets.dcard.tw/images/2345dc59-7a09-49ca-89cc-81c22ec06cac/160.jpeg,https://www.dcard.tw/f/relationship/p/226144466,0,0,0
家庭存款不到三千是什麼心情（文長）-二更,2017-12-02T12:56:18.748Z,"心情
2017 年 12 月 2 日",https://megapx-assets.dcard.tw/images/c05525f3-b367-4dc9-a41b-bd51c6210362/160.jpeg,https://www.dcard.tw/f/mood/p/227828808,0,0,0
放不下過世的男友，，，，,2020-10-08T10:34:14.563Z,"感情
2020 年 10 月 8 日",https://megapx-assets.dcard.tw/images/2345dc59-7a09-49ca-89cc-81c22ec06cac/160.jpeg,https://www.dcard.tw/f/relationship/p/234574190,0,0,0
#尋 肇逃 他把我弟撞死 懷疑酒駕 #彰化,2018-07-30T06:01:50.107Z,"心情
2018 年 7 月 30 日",https://megapx-assets.dcard.tw/images/c05525f3-b367-4dc9-a41b-bd51c6210362/160.jpeg,https://www.dcard.tw/f/mood/p/229342814,0,0,694
普悠瑪事件的消防英雄-自殺了,2019-07-08T12:59:19.329Z,"心情
2019 年 7 月 8 日",https://megapx-assets.dcard.tw/images/c05525f3-b367-4dc9-a41b-bd51c6210362/160.jpeg,https://www.dcard.tw/f/mood/p/231643392,0,0,0
那個強暴我妹畜生,2015-11-19T06:49:40.713Z,"心情
2015 年 11 月 19 日",https://megapx-assets.dcard.tw/images/c05525f3-b367-4dc9-a41b-bd51c6210362/160.jpeg,https://www.dcard.tw/f/mood/p/788977,0,0,0
妳快點醒來好嗎？（有更新）,2017-02-09T18:34:48.922Z,"心情
2017 年 2 月 10 日",https://megapx-assets.dcard.tw/images/c05525f3-b367-4dc9-a41b-bd51c6210362/160.jpeg,https://www.dcard.tw/f/mood/p/225774269,0,456,359
跟女朋友交往5年了 沒有發生過關係,2015-08-07T04:59:33.991Z,"感情
2015 年 8 月 7 日",https://megapx-assets.dcard.tw/images/2345dc59-7a09-49ca-89cc-81c22ec06cac/160.jpeg,https://www.dcard.tw/f/relationship/p/438175,0,0,171
#有更新喲 我救了一個女孩,2017-03-12T03:09:17.637Z,"心情
2017 年 3 月 12 日",https://megapx-assets.dcard.tw/images/c05525f3-b367-4dc9-a41b-bd51c6210362/160.jpeg,https://www.dcard.tw/f/mood/p/225965471,0,319,763
#更10/27 猶如八點般的劇情卻發生在我家身上,2017-10-25T16:41:22.855Z,"心情
可疑帳號
2017 年 10 月 26 日",https://megapx-assets.dcard.tw/images/97586e4d-8b8b-4a10-8ab9-8266a5e93454/160.jpeg,https://www.dcard.tw/f/mood/p/227553559,0,0,425
我女友玩累了總是隨地就寢,2016-07-02T13:08:03.442Z,"感情
2016 年 7 月 2 日",https://megapx-assets.dcard.tw/images/2345dc59-7a09-49ca-89cc-81c22ec06cac/160.jpeg,https://www.dcard.tw/f/relationship/p/224292451,0,0,378
我不喜歡同性戀，但我填了連署書,2018-08-24T03:21:25.259Z,"彩虹
2018 年 8 月 24 日",https://megapx-assets.dcard.tw/images/8cf206ab-0dd6-4b5b-92b0-56b1daeac943/160.jpeg,https://www.dcard.tw/f/rainbow/p/229495675,0,1083,676
#更 對著警察吹,2016-12-22T03:55:08.971Z,"有趣
2016 年 12 月 22 日",https://megapx-assets.dcard.tw/images/d45f9407-d676-4e38-9da3-2a99cf2f0895/160.jpeg,https://www.dcard.tw/f/funny/p/225434742,0,0,231
妹妹 妳回來啦(7/29更新,2016-07-28T12:49:18.959Z,"心情
2016 年 7 月 28 日",https://megapx-assets.dcard.tw/images/c05525f3-b367-4dc9-a41b-bd51c6210362/160.jpeg,https://www.dcard.tw/f/mood/p/224445227,0,0,474
【居家調酒】這杯調酒叫狄卡,2020-01-07T05:29:00.178Z,"美食
2020 年 1 月 7 日",https://megapx-assets.dcard.tw/images/d7e7ae1a-2239-4ee6-ad77-7527c5f5d0cf/160.jpeg,https://www.dcard.tw/f/food/p/232841832,0,0,0
酒駕還理直氣壯,2017-02-03T02:46:15.500Z,"心情
2017 年 2 月 3 日",https://megapx-assets.dcard.tw/images/c05525f3-b367-4dc9-a41b-bd51c6210362/160.jpeg,https://www.dcard.tw/f/mood/p/225734223,0,100,168
3更 韓國娛樂圈的雙重標準,2017-06-02T02:37:39.914Z,"追星
2017 年 6 月 2 日",https://megapx-assets.dcard.tw/images/0fcfdd25-f233-45a9-a232-deaed063e09b/160.jpeg,https://www.dcard.tw/f/entertainer/p/226520632,0,0,0
殺人，很容易。車禍，不是意外，是謀殺!!!(文長),2019-12-11T13:37:53.566Z,"心情
2019 年 12 月 11 日",https://megapx-assets.dcard.tw/images/c05525f3-b367-4dc9-a41b-bd51c6210362/160.jpeg,https://www.dcard.tw/f/mood/p/232667750,0,0,0
我是高雄地檢署警察局特約通譯....,2019-06-02T21:52:13.420Z,"心情
可疑帳號
2019 年 6 月 3 日",https://megapx-assets.dcard.tw/images/97586e4d-8b8b-4a10-8ab9-8266a5e93454/160.jpeg,https://www.dcard.tw/f/mood/p/231416133,0,0,0
踏不過的十七歲,2017-12-29T02:38:26.181Z,"感情
2017 年 12 月 29 日",https://megapx-assets.dcard.tw/images/2345dc59-7a09-49ca-89cc-81c22ec06cac/160.jpeg,https://www.dcard.tw/f/relationship/p/227999345,0,140,1254
更)我原本不打算公投，直到愛家盟出現,2018-11-05T17:36:12.624Z,"彩虹
2018 年 11 月 6 日",https://megapx-assets.dcard.tw/images/8cf206ab-0dd6-4b5b-92b0-56b1daeac943/160.jpeg,https://www.dcard.tw/f/rainbow/p/230001452,0,0,0
爸爸我讓你用了衛生棉,2017-03-13T16:45:42.370Z,"心情
2017 年 3 月 14 日",https://megapx-assets.dcard.tw/images/c05525f3-b367-4dc9-a41b-bd51c6210362/160.jpeg,https://www.dcard.tw/f/mood/p/225976132,0,197,157
"未""扣""安全帽=未""戴""安全帽",2016-06-14T01:36:18.213Z,"有趣
2016 年 6 月 14 日",https://megapx-assets.dcard.tw/images/d45f9407-d676-4e38-9da3-2a99cf2f0895/160.jpeg,https://www.dcard.tw/f/funny/p/224193534,0,147,73
我不認識你，但你卻讓我成為孤兒,2016-05-01T02:37:31.177Z,"心情
2016 年 5 月 1 日",https://megapx-assets.dcard.tw/images/c05525f3-b367-4dc9-a41b-bd51c6210362/160.jpeg,https://www.dcard.tw/f/mood/p/172870277,0,0,126
警察一路跟蹤我到家,2021-03-15T16:24:10.603Z,"心情
2021 年 3 月 16 日",https://megapx-assets.dcard.tw/images/c05525f3-b367-4dc9-a41b-bd51c6210362/160.jpeg,https://www.dcard.tw/f/mood/p/235556884,0,0,0
#手繪 隨便幾支筆就炸翻你們的味蕾!?,2018-12-25T04:35:04.748Z,"手作
2018 年 12 月 25 日",https://megapx-assets.dcard.tw/images/6b283fd1-9af6-4e99-897c-fad7369bcdb2/160.jpeg,https://www.dcard.tw/f/handicrafts/p/230344833,0,0,0
#更 創傷後壓力症候群(PTSD)它是不會好的,2021-04-09T02:39:59.734Z,"心情
2021 年 4 月 9 日",https://megapx-assets.dcard.tw/images/c05525f3-b367-4dc9-a41b-bd51c6210362/160.jpeg,https://www.dcard.tw/f/mood/p/235730064,0,0,0
#韓國電影 推薦幾部每看必哭的,2017-02-28T09:58:50.814Z,"電影
2017 年 2 月 28 日",https://megapx-assets.dcard.tw/images/67f1560a-56c0-4f2b-b9ec-47a2dcc9e0cd/160.jpeg,https://www.dcard.tw/f/movie/p/225892936,0,378,8634
台灣人到底都在自卑什麼？,2019-04-04T14:53:50.956Z,"閒聊
2019 年 4 月 4 日",https://megapx-assets.dcard.tw/images/64a9df3c-3e66-487f-984b-cefc83bfc360/160.jpeg,https://www.dcard.tw/f/talk/p/231023146,0,0,0
歐陽娜娜≠張韶涵,2020-09-28T12:30:29.605Z,"追星
2020 年 9 月 28 日",https://megapx-assets.dcard.tw/images/0fcfdd25-f233-45a9-a232-deaed063e09b/160.jpeg,https://www.dcard.tw/f/entertainer/p/234517241,0,0,0
又死一個警察了，希望大家關注警察過勞的問題……,2019-03-05T05:49:10.240Z,"時事
2019 年 3 月 5 日",https://megapx-assets.dcard.tw/images/4c8abb6f-513d-4d9c-ae20-a11f7642172a/160.jpeg,https://www.dcard.tw/f/trending/p/230818462,0,0,0
和妳一起的照片仍在我的手機上貼著,2016-10-10T12:54:54.083Z,"感情
2016 年 10 月 10 日",https://megapx-assets.dcard.tw/images/2345dc59-7a09-49ca-89cc-81c22ec06cac/160.jpeg,https://www.dcard.tw/f/relationship/p/224945065,0,129,340
跨年你們喝酒讓我們撿屍,2016-12-31T03:14:10.047Z,"心情
2016 年 12 月 31 日",https://megapx-assets.dcard.tw/images/c05525f3-b367-4dc9-a41b-bd51c6210362/160.jpeg,https://www.dcard.tw/f/mood/p/225494844,0,132,105
到底為什麼要酒駕？,2019-08-18T08:52:35.903Z,"心情
2019 年 8 月 18 日",https://megapx-assets.dcard.tw/images/c05525f3-b367-4dc9-a41b-bd51c6210362/160.jpeg,https://www.dcard.tw/f/mood/p/231884179,0,0,0
老公下半身癱瘓，好想離婚又怕被罵,2018-02-03T11:26:43.265Z,"結婚
2018 年 2 月 3 日",https://megapx-assets.dcard.tw/images/eb5ab644-4eb2-403c-aa89-1494d06f472e/160.jpeg,https://www.dcard.tw/f/marriage/p/228240352,0,0,0
好的，已把亞洲舞王移除,2020-12-04T12:11:07.690Z,"追星
2020 年 12 月 4 日",https://megapx-assets.dcard.tw/images/0fcfdd25-f233-45a9-a232-deaed063e09b/160.jpeg,https://www.dcard.tw/f/entertainer/p/234919734,0,0,0
